<?xml version="1.0" encoding="UTF-8"?>
<project-private xmlns="http://www.netbeans.org/ns/project-private/1">
    <editor-bookmarks xmlns="http://www.netbeans.org/ns/editor-bookmarks/2" lastBookmarkId="0"/>
    <open-files xmlns="http://www.netbeans.org/ns/projectui-open-files/2">
        <group>
            <file>file:/home/alumne/WS/DAM2-M03/A512/ShoppingListAp2/src/cat/proven/shoppinglist/model/ShoppingList.java</file>
            <file>file:/home/alumne/WS/DAM2-M03/A512/ShoppingListAp2/src/cat/proven/shoppinglist/Main.java</file>
        </group>
    </open-files>
</project-private>
