<?xml version="1.0" encoding="UTF-8" standalone="no"?><school><name>Institut Provençana</name><groups><group><name>DAM2</name><tutor>Daniel</tutor><curriculum>Desenvolupament aplicacions multiplataforma</curriculum><students><student id="s001"><name>Maria Lluisa</name><tutor>Pérez Lluch</tutor><age>11</age></student><student id="s002"><name>Joan Anton</name><tutor>Martínez Ruiz</tutor><age>12</age></student></students></group><group><name>DAW2</name><tutor>Isabel</tutor><curriculum>Desenvolupament aplicacions web</curriculum><students><student id="s003"><name>Maria</name><tutor>Ruiz Ruiz</tutor><age>13</age></student></students></group><group><name>SMX1A</name><tutor>Joan Salvador</tutor><curriculum>Sistemes microinformàtics i xarxes</curriculum><students/></group></groups></school>